2345148,2025-09-30,Round 1,Dubai Basketball,89,KK Partizan,76,,https://www.thesportsdb.com/images/media/event/thumb/xlysjw1759219937.jpg
2345149,2025-09-30,Round 1,Hapoel Tel Aviv BC,103,FC Barcelona Basquet,87,,https://www.thesportsdb.com/images/media/event/thumb/s47f8o1759219939.jpg
2345150,2025-09-30,Round 1,Anadolu Efes SK,,Maccabi Tel Aviv BC,,,https://www.thesportsdb.com/images/media/event/thumb/m673nk1759219940.jpg
2345151,2025-09-30,Round 1,KK Crvena zvezda,,Olimpia Milano,,,https://www.thesportsdb.com/images/media/event/thumb/3jcyni1759219942.jpg
2345152,2025-09-30,Round 1,Panathinaikos BC,,Bayern München Basketball,,,https://www.thesportsdb.com/images/media/event/thumb/e4ashr1759219944.jpg
2345153,2025-09-30,Round 1,Baskonia,,Olympiacos BC,,,https://www.thesportsdb.com/images/media/event/thumb/1zu0z31759219945.jpg
2345154,2025-09-30,Round 1,Virtus Pallacanestro Bologna,,Real Madrid Baloncesto,,,https://www.thesportsdb.com/images/media/event/thumb/68y56g1759219946.jpg
2345155,2025-10-01,Round 1,AS Monaco Basket,,BC Žalgiris,,,https://www.thesportsdb.com/images/media/event/thumb/0eohel1759219947.jpg
2345156,2025-10-01,Round 1,Fenerbahçe Basketbol,,Paris Basketball,,,https://www.thesportsdb.com/images/media/event/thumb/pqsf9u1759219949.jpg
2345157,2025-10-01,Round 1,Lyon-Villeurbanne,,Valencia Basket,,,https://www.thesportsdb.com/images/media/event/thumb/n3xd0z1759219950.jpg
2345158,2025-10-02,Round 2,KK Partizan,,Olimpia Milano,,,https://www.thesportsdb.com/images/media/event/thumb/zfw7d41759219951.jpg
2345159,2025-10-02,Round 2,Bayern München Basketball,,KK Crvena zvezda,,,https://www.thesportsdb.com/images/media/event/thumb/x0osm81759219952.jpg
2345160,2025-10-02,Round 2,Real Madrid Baloncesto,,Olympiacos BC,,,https://www.thesportsdb.com/images/media/event/thumb/ccyhvv1759219953.jpg
2345161,2025-10-03,Round 2,BC Žalgiris,,Fenerbahçe Basketbol,,,https://www.thesportsdb.com/images/media/event/thumb/2ryelt1759219955.jpg
2345162,2025-10-03,Round 2,Anadolu Efes SK,,Hapoel Tel Aviv BC,,,https://www.thesportsdb.com/images/media/event/thumb/nfbz1s1759219956.jpg
2345163,2025-10-03,Round 2,AS Monaco Basket,,Dubai Basketball,,,https://www.thesportsdb.com/images/media/event/thumb/atnah11759219957.jpg
2345164,2025-10-03,Round 2,Lyon-Villeurbanne,,Baskonia,,,https://www.thesportsdb.com/images/media/event/thumb/8veq7p1759219958.jpg
2345165,2025-10-03,Round 2,Panathinaikos BC,,FC Barcelona Basquet,,,https://www.thesportsdb.com/images/media/event/thumb/1qfydi1759219959.jpg
2345166,2025-10-03,Round 2,Valencia Basket,,Virtus Pallacanestro Bologna,,,https://www.thesportsdb.com/images/media/event/thumb/lv584z1759219961.jpg
2345167,2025-10-03,Round 2,Maccabi Tel Aviv BC,,Paris Basketball,,,https://www.thesportsdb.com/images/media/event/thumb/yyk5a11759219962.jpg
2345168,2025-10-08,Round 3,Hapoel Tel Aviv BC,,Maccabi Tel Aviv BC,,,https://www.thesportsdb.com/images/media/event/thumb/6yoacq1759219964.jpg
2345169,2025-10-09,Round 3,KK Partizan,,Anadolu Efes SK,,,https://www.thesportsdb.com/images/media/event/thumb/yazc3i1759219966.jpg
2345170,2025-10-09,Round 3,Olimpia Milano,,AS Monaco Basket,,,https://www.thesportsdb.com/images/media/event/thumb/lzhh3y1759219967.jpg
2345171,2025-10-09,Round 3,Baskonia,,Panathinaikos BC,,,https://www.thesportsdb.com/images/media/event/thumb/mdczuh1759219968.jpg
2345172,2025-10-09,Round 3,Paris Basketball,,Virtus Pallacanestro Bologna,,,https://www.thesportsdb.com/images/media/event/thumb/5bmyq91759219969.jpg
2345173,2025-10-09,Round 3,Real Madrid Baloncesto,,Lyon-Villeurbanne,,,https://www.thesportsdb.com/images/media/event/thumb/fp6af31759219971.jpg
2345174,2025-10-10,Round 3,Fenerbahçe Basketbol,,KK Crvena zvezda,,,https://www.thesportsdb.com/images/media/event/thumb/zzaoa61759219972.jpg
2345175,2025-10-10,Round 3,Olympiacos BC,,Dubai Basketball,,,https://www.thesportsdb.com/images/media/event/thumb/5215c81759219973.jpg
2345176,2025-10-10,Round 3,FC Barcelona Basquet,,Valencia Basket,,https://r2.thesportsdb.com/images/media/event/poster/lguag41589561673.jpg,https://www.thesportsdb.com/images/media/event/thumb/bb3fwp1759219974.jpg
2345177,2025-10-10,Round 3,Bayern München Basketball,,BC Žalgiris,,,https://www.thesportsdb.com/images/media/event/thumb/xtycxi1759219975.jpg
2345180,2025-10-14,Round 4,Maccabi Tel Aviv BC,,FC Barcelona Basquet,,,https://www.thesportsdb.com/images/media/event/thumb/bci5za1759219977.jpg
2345178,2025-10-14,Round 4,Fenerbahçe Basketbol,,Dubai Basketball,,,https://www.thesportsdb.com/images/media/event/thumb/yadxw01759219978.jpg
2345179,2025-10-14,Round 4,KK Crvena zvezda,,BC Žalgiris,,,https://www.thesportsdb.com/images/media/event/thumb/g294jn1759219979.jpg
2345181,2025-10-14,Round 4,Olympiacos BC,,Anadolu Efes SK,,,https://www.thesportsdb.com/images/media/event/thumb/lbjk3e1759219980.jpg
2345182,2025-10-14,Round 4,Bayern München Basketball,,Olimpia Milano,,,https://www.thesportsdb.com/images/media/event/thumb/32gz4q1759219982.jpg
2345183,2025-10-15,Round 4,Panathinaikos BC,,Lyon-Villeurbanne,,,https://www.thesportsdb.com/images/media/event/thumb/fmj1yg1759219983.jpg
2345184,2025-10-15,Round 4,Valencia Basket,,Hapoel Tel Aviv BC,,,https://www.thesportsdb.com/images/media/event/thumb/hra1ej1759219984.jpg
2345185,2025-10-15,Round 4,Virtus Pallacanestro Bologna,,AS Monaco Basket,,,https://www.thesportsdb.com/images/media/event/thumb/zdixei1759219986.jpg
2345186,2025-10-15,Round 4,Paris Basketball,,Baskonia,,,https://www.thesportsdb.com/images/media/event/thumb/g2ydqq1759219987.jpg
2345187,2025-10-15,Round 4,Real Madrid Baloncesto,,KK Partizan,,,https://www.thesportsdb.com/images/media/event/thumb/z3z8fl1759219988.jpg
2345188,2025-10-16,Round 5,Dubai Basketball,,FC Barcelona Basquet,,,https://www.thesportsdb.com/images/media/event/thumb/ylqy2l1759219989.jpg
2345189,2025-10-16,Round 5,BC Žalgiris,,Olimpia Milano,,,https://www.thesportsdb.com/images/media/event/thumb/z8yg2t1759219991.jpg
2345190,2025-10-16,Round 5,Fenerbahçe Basketbol,,Bayern München Basketball,,,https://www.thesportsdb.com/images/media/event/thumb/2lgfd21759219992.jpg
2345191,2025-10-16,Round 5,Maccabi Tel Aviv BC,,Olympiacos BC,,,https://www.thesportsdb.com/images/media/event/thumb/5xwrkn1759219993.jpg
2345192,2025-10-17,Round 5,KK Crvena zvezda,,Real Madrid Baloncesto,,,https://www.thesportsdb.com/images/media/event/thumb/3o77dg1759219995.jpg
2345193,2025-10-17,Round 5,AS Monaco Basket,,Valencia Basket,,,https://www.thesportsdb.com/images/media/event/thumb/6eddii1759219997.jpg
2345194,2025-10-17,Round 5,Anadolu Efes SK,,Panathinaikos BC,,,https://www.thesportsdb.com/images/media/event/thumb/1q4zgv1759219998.jpg
2345195,2025-10-17,Round 5,Lyon-Villeurbanne,,Virtus Pallacanestro Bologna,,,https://www.thesportsdb.com/images/media/event/thumb/l6q8zl1759219999.jpg
2345196,2025-10-17,Round 5,Baskonia,,KK Partizan,,,https://www.thesportsdb.com/images/media/event/thumb/t6yr3d1759220000.jpg
2345197,2025-10-17,Round 5,Paris Basketball,,Hapoel Tel Aviv BC,,,https://www.thesportsdb.com/images/media/event/thumb/5n4l9g1759220001.jpg
2345198,2025-10-22,Round 6,Maccabi Tel Aviv BC,,Real Madrid Baloncesto,,,https://www.thesportsdb.com/images/media/event/thumb/ewphja1759220002.jpg
2345201,2025-10-23,Round 6,Lyon-Villeurbanne,,Dubai Basketball,,,https://www.thesportsdb.com/images/media/event/thumb/deyd5f1759220004.jpg
2345200,2025-10-23,Round 6,Hapoel Tel Aviv BC,,AS Monaco Basket,,,https://www.thesportsdb.com/images/media/event/thumb/981nhm1759220005.jpg
2345202,2025-10-23,Round 6,FC Barcelona Basquet,,BC Žalgiris,,,https://www.thesportsdb.com/images/media/event/thumb/mu9cyh1759220006.jpg
2345203,2025-10-23,Round 6,Olimpia Milano,,Valencia Basket,,,https://www.thesportsdb.com/images/media/event/thumb/dgbmgf1759220007.jpg
2345199,2025-10-23,Round 6,KK Crvena zvezda,,Baskonia,,,https://www.thesportsdb.com/images/media/event/thumb/vd15rm1759220008.jpg
2345204,2025-10-24,Round 6,Anadolu Efes SK,,Fenerbahçe Basketbol,,,https://www.thesportsdb.com/images/media/event/thumb/0dt2i91759220010.jpg
2345205,2025-10-24,Round 6,Virtus Pallacanestro Bologna,,Panathinaikos BC,,,https://www.thesportsdb.com/images/media/event/thumb/ax66f51759220011.jpg
2345206,2025-10-24,Round 6,KK Partizan,,Paris Basketball,,,https://www.thesportsdb.com/images/media/event/thumb/9h6oev1759220012.jpg
2345207,2025-10-24,Round 6,Bayern München Basketball,,Olympiacos BC,,,https://www.thesportsdb.com/images/media/event/thumb/4eielh1759220014.jpg
2345208,2025-10-28,Round 7,KK Crvena zvezda,,Lyon-Villeurbanne,,,https://www.thesportsdb.com/images/media/event/thumb/62v85w1759220015.jpg
2345209,2025-10-28,Round 7,BC Žalgiris,,Virtus Pallacanestro Bologna,,,https://www.thesportsdb.com/images/media/event/thumb/r5avbf1759220016.jpg
2345213,2025-10-28,Round 7,Bayern München Basketball,,Real Madrid Baloncesto,,,https://www.thesportsdb.com/images/media/event/thumb/o3izfm1759220017.jpg
2345210,2025-10-28,Round 7,Panathinaikos BC,,Maccabi Tel Aviv BC,,,https://www.thesportsdb.com/images/media/event/thumb/l5je0b1759220018.jpg
2345211,2025-10-28,Round 7,FC Barcelona Basquet,,Olimpia Milano,,,https://www.thesportsdb.com/images/media/event/thumb/nxpgo11759220019.jpg
2345212,2025-10-28,Round 7,Baskonia,,Dubai Basketball,,,https://www.thesportsdb.com/images/media/event/thumb/brqlek1759220021.jpg
2345214,2025-10-28,Round 7,Paris Basketball,,Anadolu Efes SK,,,https://www.thesportsdb.com/images/media/event/thumb/f7c3qj1759220022.jpg
2345215,2025-10-28,Round 7,Valencia Basket,,Fenerbahçe Basketbol,,,https://www.thesportsdb.com/images/media/event/thumb/9rupfs1759220023.jpg
2345216,2025-10-29,Round 7,Hapoel Tel Aviv BC,,KK Partizan,,,https://www.thesportsdb.com/images/media/event/thumb/nojaa91759220024.jpg
2345217,2025-10-29,Round 7,Olympiacos BC,,AS Monaco Basket,,,https://www.thesportsdb.com/images/media/event/thumb/1ln7dq1759220026.jpg
2345218,2025-10-30,Round 8,BC Žalgiris,,Lyon-Villeurbanne,,,https://www.thesportsdb.com/images/media/event/thumb/lu8hre1759220027.jpg
2345219,2025-10-30,Round 8,Maccabi Tel Aviv BC,,KK Crvena zvezda,,,https://www.thesportsdb.com/images/media/event/thumb/lfvqfg1759220029.jpg
2345220,2025-10-30,Round 8,Bayern München Basketball,,Virtus Pallacanestro Bologna,,,https://www.thesportsdb.com/images/media/event/thumb/z3i7px1759220030.jpg
2345221,2025-10-30,Round 8,Olimpia Milano,,Paris Basketball,,,https://www.thesportsdb.com/images/media/event/thumb/nyqlbg1759220031.jpg
2345222,2025-10-30,Round 8,Valencia Basket,,Dubai Basketball,,,https://www.thesportsdb.com/images/media/event/thumb/a9gbza1759220032.jpg
2345223,2025-10-30,Round 8,Real Madrid Baloncesto,,Fenerbahçe Basketbol,,,https://www.thesportsdb.com/images/media/event/thumb/2nr4pk1759220033.jpg
2345224,2025-10-31,Round 8,AS Monaco Basket,,Panathinaikos BC,,,https://www.thesportsdb.com/images/media/event/thumb/0ly3aj1759220034.jpg
2345225,2025-10-31,Round 8,Olympiacos BC,,Hapoel Tel Aviv BC,,,https://www.thesportsdb.com/images/media/event/thumb/4mr5ra1759220036.jpg
2345226,2025-10-31,Round 8,Baskonia,,Anadolu Efes SK,,,https://www.thesportsdb.com/images/media/event/thumb/lihdva1759220037.jpg
2345227,2025-10-31,Round 8,KK Partizan,,FC Barcelona Basquet,,,https://www.thesportsdb.com/images/media/event/thumb/rb5yzu1759220038.jpg
2345228,2025-11-06,Round 9,Dubai Basketball,,Hapoel Tel Aviv BC,,,https://www.thesportsdb.com/images/media/event/thumb/zphptj1759220039.jpg
2345229,2025-11-06,Round 9,Fenerbahçe Basketbol,,Lyon-Villeurbanne,,,https://www.thesportsdb.com/images/media/event/thumb/cyiu131759220041.jpg
2345230,2025-11-06,Round 9,KK Crvena zvezda,,Panathinaikos BC,,,https://www.thesportsdb.com/images/media/event/thumb/9ude7o1759220042.jpg
2345231,2025-11-06,Round 9,Maccabi Tel Aviv BC,,AS Monaco Basket,,,https://www.thesportsdb.com/images/media/event/thumb/pfjko61759220043.jpg
2345232,2025-11-06,Round 9,Baskonia,,Virtus Pallacanestro Bologna,,,https://www.thesportsdb.com/images/media/event/thumb/emb2ue1759220044.jpg
2345233,2025-11-06,Round 9,Paris Basketball,,Bayern München Basketball,,,https://www.thesportsdb.com/images/media/event/thumb/0rqlw51759220045.jpg
2345234,2025-11-07,Round 9,Anadolu Efes SK,,Olimpia Milano,,,https://www.thesportsdb.com/images/media/event/thumb/5q0xu41759220047.jpg
2345235,2025-11-07,Round 9,BC Žalgiris,,Valencia Basket,,,https://www.thesportsdb.com/images/media/event/thumb/le7qi11759220048.jpg
2345236,2025-11-07,Round 9,Olympiacos BC,,KK Partizan,,,https://www.thesportsdb.com/images/media/event/thumb/t7qx341759220049.jpg
2345237,2025-11-07,Round 9,FC Barcelona Basquet,,Real Madrid Baloncesto,,,https://www.thesportsdb.com/images/media/event/thumb/o3jq2b1759220050.jpg
2345238,2025-11-11,Round 10,Dubai Basketball,,KK Crvena zvezda,,,https://www.thesportsdb.com/images/media/event/thumb/r1offo1759220052.jpg
2345239,2025-11-11,Round 10,Fenerbahçe Basketbol,,Maccabi Tel Aviv BC,,,https://www.thesportsdb.com/images/media/event/thumb/zq3ve01759220053.jpg
2345240,2025-11-11,Round 10,Hapoel Tel Aviv BC,,Baskonia,,,https://www.thesportsdb.com/images/media/event/thumb/qdn0zw1759220054.jpg
2345241,2025-11-11,Round 10,Virtus Pallacanestro Bologna,,Anadolu Efes SK,,,https://www.thesportsdb.com/images/media/event/thumb/ps6a9q1759220055.jpg
2345242,2025-11-11,Round 10,Valencia Basket,,Real Madrid Baloncesto,,,https://www.thesportsdb.com/images/media/event/thumb/2ux5p91759220057.jpg
2345243,2025-11-11,Round 10,KK Partizan,,AS Monaco Basket,,,https://www.thesportsdb.com/images/media/event/thumb/c2o50c1759220059.jpg
2345244,2025-11-11,Round 10,Paris Basketball,,Panathinaikos BC,,,https://www.thesportsdb.com/images/media/event/thumb/8203681759220060.jpg
2345245,2025-11-12,Round 10,Olympiacos BC,,BC Žalgiris,,,https://www.thesportsdb.com/images/media/event/thumb/6hq9wx1759220062.jpg
2345246,2025-11-12,Round 10,Bayern München Basketball,,FC Barcelona Basquet,,,https://www.thesportsdb.com/images/media/event/thumb/95n61k1759220063.jpg
2345247,2025-11-12,Round 10,Olimpia Milano,,Lyon-Villeurbanne,,,https://www.thesportsdb.com/images/media/event/thumb/z3utak1759220064.jpg
2345248,2025-11-13,Round 11,Fenerbahçe Basketbol,,Hapoel Tel Aviv BC,,,https://www.thesportsdb.com/images/media/event/thumb/fl2odx1759220065.jpg
2345249,2025-11-13,Round 11,KK Crvena zvezda,,AS Monaco Basket,,,https://www.thesportsdb.com/images/media/event/thumb/kjx25q1759220067.jpg
2345250,2025-11-13,Round 11,Maccabi Tel Aviv BC,,Baskonia,,,https://www.thesportsdb.com/images/media/event/thumb/em46hp1759220068.jpg
2345251,2025-11-13,Round 11,Paris Basketball,,Valencia Basket,,,https://www.thesportsdb.com/images/media/event/thumb/gz3acj1759220069.jpg
2345252,2025-11-13,Round 11,Real Madrid Baloncesto,,Panathinaikos BC,,,https://www.thesportsdb.com/images/media/event/thumb/4dzajh1759220070.jpg
2345253,2025-11-14,Round 11,Dubai Basketball,,BC Žalgiris,,,https://www.thesportsdb.com/images/media/event/thumb/b40hoy1759220072.jpg
2345254,2025-11-14,Round 11,Anadolu Efes SK,,Bayern München Basketball,,,https://www.thesportsdb.com/images/media/event/thumb/nthpfy1759220073.jpg
2345255,2025-11-14,Round 11,Lyon-Villeurbanne,,KK Partizan,,,https://www.thesportsdb.com/images/media/event/thumb/cdwgzq1759220074.jpg
2345256,2025-11-14,Round 11,FC Barcelona Basquet,,Virtus Pallacanestro Bologna,,,https://www.thesportsdb.com/images/media/event/thumb/dqyfxi1759220075.jpg
2345257,2025-11-14,Round 11,Olimpia Milano,,Olympiacos BC,,,https://www.thesportsdb.com/images/media/event/thumb/7aewgv1759220076.jpg
2345258,2025-11-19,Round 12,Lyon-Villeurbanne,,AS Monaco Basket,,,https://www.thesportsdb.com/images/media/event/thumb/b7v7mk1759220078.jpg
2345259,2025-11-20,Round 12,Anadolu Efes SK,,FC Barcelona Basquet,,,https://www.thesportsdb.com/images/media/event/thumb/cfh2u51759220079.jpg
2345260,2025-11-20,Round 12,Panathinaikos BC,,Dubai Basketball,,,https://www.thesportsdb.com/images/media/event/thumb/0tt3jp1759220080.jpg
2345261,2025-11-20,Round 12,Olimpia Milano,,Hapoel Tel Aviv BC,,,https://www.thesportsdb.com/images/media/event/thumb/rtjkop1759220081.jpg
2345262,2025-11-20,Round 12,Real Madrid Baloncesto,,BC Žalgiris,,,https://www.thesportsdb.com/images/media/event/thumb/9vypg71759220082.jpg
2345263,2025-11-21,Round 12,Olympiacos BC,,Paris Basketball,,,https://www.thesportsdb.com/images/media/event/thumb/q1ofus1759220084.jpg
2345264,2025-11-21,Round 12,Virtus Pallacanestro Bologna,,Maccabi Tel Aviv BC,,,https://www.thesportsdb.com/images/media/event/thumb/tjze771759220085.jpg
2345265,2025-11-21,Round 12,KK Partizan,,Fenerbahçe Basketbol,,,https://www.thesportsdb.com/images/media/event/thumb/kb5t791759220086.jpg
2345266,2025-11-21,Round 12,Baskonia,,Bayern München Basketball,,,https://www.thesportsdb.com/images/media/event/thumb/d53co71759220087.jpg
2345267,2025-11-21,Round 12,Valencia Basket,,KK Crvena zvezda,,,https://www.thesportsdb.com/images/media/event/thumb/p3pshb1759220089.jpg
2345268,2025-11-25,Round 13,Dubai Basketball,,Paris Basketball,,,https://www.thesportsdb.com/images/media/event/thumb/ajedmt1759220090.jpg
2345269,2025-11-25,Round 13,Fenerbahçe Basketbol,,Virtus Pallacanestro Bologna,,,https://www.thesportsdb.com/images/media/event/thumb/8yc3or1759220092.jpg
2345270,2025-11-25,Round 13,Hapoel Tel Aviv BC,,Real Madrid Baloncesto,,,https://www.thesportsdb.com/images/media/event/thumb/p7zbqr1759220093.jpg
2345271,2025-11-25,Round 13,BC Žalgiris,,Baskonia,,,https://www.thesportsdb.com/images/media/event/thumb/anp4ub1759220094.jpg
2345272,2025-11-25,Round 13,Panathinaikos BC,,KK Partizan,,,https://www.thesportsdb.com/images/media/event/thumb/p87nyp1759220095.jpg
2345273,2025-11-25,Round 13,Valencia Basket,,Bayern München Basketball,,,https://www.thesportsdb.com/images/media/event/thumb/42r8zy1759220096.jpg
2345274,2025-11-26,Round 13,AS Monaco Basket,,Anadolu Efes SK,,,https://www.thesportsdb.com/images/media/event/thumb/4zzpz51759220097.jpg
2345275,2025-11-26,Round 13,KK Crvena zvezda,,Olympiacos BC,,,https://www.thesportsdb.com/images/media/event/thumb/gsta9t1759220099.jpg
2345276,2025-11-26,Round 13,Maccabi Tel Aviv BC,,Olimpia Milano,,,https://www.thesportsdb.com/images/media/event/thumb/6i2w0e1759220100.jpg
2345277,2025-11-26,Round 13,FC Barcelona Basquet,,Lyon-Villeurbanne,,,https://www.thesportsdb.com/images/media/event/thumb/ym6gli1759220101.jpg
2345278,2025-12-04,Round 14,Anadolu Efes SK,,Real Madrid Baloncesto,,,https://www.thesportsdb.com/images/media/event/thumb/pk7cjw1759220102.jpg
2345279,2025-12-04,Round 14,BC Žalgiris,,Maccabi Tel Aviv BC,,,https://www.thesportsdb.com/images/media/event/thumb/btzzrs1759220105.jpg
2345281,2025-12-04,Round 14,AS Monaco Basket,,Paris Basketball,,,https://www.thesportsdb.com/images/media/event/thumb/6voebr1759220106.jpg
2345282,2025-12-04,Round 14,Hapoel Tel Aviv BC,,Lyon-Villeurbanne,,,https://www.thesportsdb.com/images/media/event/thumb/4mbhf61759220107.jpg
2345283,2025-12-04,Round 14,Olympiacos BC,,Fenerbahçe Basketbol,,,https://www.thesportsdb.com/images/media/event/thumb/s58grn1759220108.jpg
2345280,2025-12-04,Round 14,Bayern München Basketball,,KK Partizan,,,https://www.thesportsdb.com/images/media/event/thumb/vwbvnt1759220110.jpg
2345284,2025-12-05,Round 14,KK Crvena zvezda,,FC Barcelona Basquet,,,https://www.thesportsdb.com/images/media/event/thumb/wv2yn61759220111.jpg
2345285,2025-12-05,Round 14,Panathinaikos BC,,Valencia Basket,,,https://www.thesportsdb.com/images/media/event/thumb/xubge91759220112.jpg
2345286,2025-12-05,Round 14,Baskonia,,Olimpia Milano,,,https://www.thesportsdb.com/images/media/event/thumb/awg9p71759220113.jpg
2345287,2025-12-05,Round 14,Virtus Pallacanestro Bologna,,Dubai Basketball,,,https://www.thesportsdb.com/images/media/event/thumb/i7bmcv1759220114.jpg
2345288,2025-12-11,Round 15,Maccabi Tel Aviv BC,,Lyon-Villeurbanne,,,https://www.thesportsdb.com/images/media/event/thumb/2qgbu01759220116.jpg
2345289,2025-12-11,Round 15,Valencia Basket,,Anadolu Efes SK,,,https://www.thesportsdb.com/images/media/event/thumb/hzsszs1759220117.jpg
2345290,2025-12-11,Round 15,Olimpia Milano,,Panathinaikos BC,,,https://www.thesportsdb.com/images/media/event/thumb/4g4yf41759220118.jpg
2345291,2025-12-11,Round 15,Paris Basketball,,BC Žalgiris,,,https://www.thesportsdb.com/images/media/event/thumb/5neqyl1759220119.jpg
2345292,2025-12-11,Round 15,Real Madrid Baloncesto,,Baskonia,,,https://www.thesportsdb.com/images/media/event/thumb/qm4hz51759220121.jpg
2345293,2025-12-12,Round 15,Dubai Basketball,,Bayern München Basketball,,,https://www.thesportsdb.com/images/media/event/thumb/rbrfw41759220122.jpg
2345294,2025-12-12,Round 15,AS Monaco Basket,,Fenerbahçe Basketbol,,,https://www.thesportsdb.com/images/media/event/thumb/o1pt5l1759220124.jpg
2345295,2025-12-12,Round 15,FC Barcelona Basquet,,Olympiacos BC,,,https://www.thesportsdb.com/images/media/event/thumb/6p35051759220125.jpg
2345296,2025-12-12,Round 15,KK Partizan,,KK Crvena zvezda,,,https://www.thesportsdb.com/images/media/event/thumb/wv53801759220127.jpg
2345297,2025-12-12,Round 15,Virtus Pallacanestro Bologna,,Hapoel Tel Aviv BC,,,https://www.thesportsdb.com/images/media/event/thumb/wd0dv21759220129.jpg
2345298,2025-12-16,Round 16,Dubai Basketball,,Maccabi Tel Aviv BC,,,https://www.thesportsdb.com/images/media/event/thumb/vtzm9l1759220130.jpg
2345299,2025-12-16,Round 16,Fenerbahçe Basketbol,,Panathinaikos BC,,,https://www.thesportsdb.com/images/media/event/thumb/wgbjcr1759220132.jpg
2345300,2025-12-16,Round 16,Hapoel Tel Aviv BC,,KK Crvena zvezda,,,https://www.thesportsdb.com/images/media/event/thumb/mih7us1759220133.jpg
2345301,2025-12-16,Round 16,Olympiacos BC,,Valencia Basket,,,https://www.thesportsdb.com/images/media/event/thumb/93anbr1759220135.jpg
2345302,2025-12-16,Round 16,Olimpia Milano,,Real Madrid Baloncesto,,,https://www.thesportsdb.com/images/media/event/thumb/r56kfl1759220136.jpg
2345303,2025-12-16,Round 16,Paris Basketball,,FC Barcelona Basquet,,,https://www.thesportsdb.com/images/media/event/thumb/jr6m4x1759220138.jpg
2345304,2025-12-17,Round 16,BC Žalgiris,,Anadolu Efes SK,,,https://www.thesportsdb.com/images/media/event/thumb/5g16g81759220139.jpg
2345305,2025-12-17,Round 16,Lyon-Villeurbanne,,Bayern München Basketball,,,https://www.thesportsdb.com/images/media/event/thumb/2nd24m1759220141.jpg
2345306,2025-12-17,Round 16,Baskonia,,AS Monaco Basket,,,https://www.thesportsdb.com/images/media/event/thumb/scjlae1759220143.jpg
2345307,2025-12-17,Round 16,KK Partizan,,Virtus Pallacanestro Bologna,,,https://www.thesportsdb.com/images/media/event/thumb/2je62a1759220144.jpg
2345308,2025-12-18,Round 17,Maccabi Tel Aviv BC,,Valencia Basket,,,https://www.thesportsdb.com/images/media/event/thumb/jbq1ig1759220146.jpg
2345309,2025-12-18,Round 17,Panathinaikos BC,,Hapoel Tel Aviv BC,,,https://www.thesportsdb.com/images/media/event/thumb/w7we1l1759220148.jpg
2345310,2025-12-18,Round 17,Olimpia Milano,,Fenerbahçe Basketbol,,,https://www.thesportsdb.com/images/media/event/thumb/z3ej9h1759220149.jpg
2345311,2025-12-18,Round 17,Real Madrid Baloncesto,,Paris Basketball,,,https://www.thesportsdb.com/images/media/event/thumb/rua1en1759220151.jpg
2345312,2025-12-19,Round 17,Anadolu Efes SK,,Dubai Basketball,,,https://www.thesportsdb.com/images/media/event/thumb/ddws8c1759220152.jpg
2345313,2025-12-19,Round 17,BC Žalgiris,,KK Partizan,,,https://www.thesportsdb.com/images/media/event/thumb/tbwu3r1759220154.jpg
2345314,2025-12-19,Round 17,AS Monaco Basket,,Bayern München Basketball,,,https://www.thesportsdb.com/images/media/event/thumb/dtcqd61759220156.jpg
2345315,2025-12-19,Round 17,Olympiacos BC,,Lyon-Villeurbanne,,,https://www.thesportsdb.com/images/media/event/thumb/t8ehza1759220157.jpg
2345316,2025-12-19,Round 17,FC Barcelona Basquet,,Baskonia,,,https://www.thesportsdb.com/images/media/event/thumb/0b53cd1759220159.jpg
2345317,2025-12-19,Round 17,KK Crvena zvezda,,Virtus Pallacanestro Bologna,,,https://www.thesportsdb.com/images/media/event/thumb/p9nxrd1759220160.jpg
2345318,2025-12-23,Round 18,Dubai Basketball,,Olimpia Milano,,,https://www.thesportsdb.com/images/media/event/thumb/oaz0i61759220162.jpg
2345319,2025-12-23,Round 18,Fenerbahçe Basketbol,,FC Barcelona Basquet,,,https://www.thesportsdb.com/images/media/event/thumb/13e9y51759220163.jpg
2345320,2025-12-23,Round 18,BC Žalgiris,,Panathinaikos BC,,,https://www.thesportsdb.com/images/media/event/thumb/r8nrwv1759220165.jpg
2345321,2025-12-23,Round 18,Bayern München Basketball,,Hapoel Tel Aviv BC,,,https://www.thesportsdb.com/images/media/event/thumb/dbq3og1759220166.jpg
2345322,2025-12-23,Round 18,Valencia Basket,,Baskonia,,,https://www.thesportsdb.com/images/media/event/thumb/rojdku1759220168.jpg
2345323,2025-12-23,Round 18,Lyon-Villeurbanne,,Anadolu Efes SK,,,https://www.thesportsdb.com/images/media/event/thumb/o7zza31759220169.jpg
2345324,2025-12-23,Round 18,Paris Basketball,,KK Crvena zvezda,,,https://www.thesportsdb.com/images/media/event/thumb/wjgppo1759220171.jpg
2345326,2025-12-26,Round 18,KK Partizan,,Maccabi Tel Aviv BC,,,https://www.thesportsdb.com/images/media/event/thumb/47p2z01759220173.jpg
2345325,2025-12-26,Round 18,AS Monaco Basket,,Real Madrid Baloncesto,,,https://www.thesportsdb.com/images/media/event/thumb/gmodxs1759220174.jpg
2345327,2025-12-26,Round 18,Virtus Pallacanestro Bologna,,Olympiacos BC,,,https://www.thesportsdb.com/images/media/event/thumb/vgmwqc1759220176.jpg
2345329,2025-12-30,Round 19,Lyon-Villeurbanne,,Paris Basketball,,,https://www.thesportsdb.com/images/media/event/thumb/bpw6811759220177.jpg
2345328,2025-12-30,Round 19,Hapoel Tel Aviv BC,,BC Žalgiris,,,https://www.thesportsdb.com/images/media/event/thumb/z1qlyn1759220179.jpg
2345330,2025-12-30,Round 19,FC Barcelona Basquet,,AS Monaco Basket,,,https://www.thesportsdb.com/images/media/event/thumb/wtext91759220180.jpg
2345331,2025-12-30,Round 19,Valencia Basket,,KK Partizan,,,https://www.thesportsdb.com/images/media/event/thumb/5nsxnp1759220182.jpg
2345332,2026-01-02,Round 19,Anadolu Efes SK,,KK Crvena zvezda,,,https://www.thesportsdb.com/images/media/event/thumb/wina8v1759220184.jpg
2345333,2026-01-02,Round 19,Panathinaikos BC,,Olympiacos BC,,,https://www.thesportsdb.com/images/media/event/thumb/dnwodh1759220185.jpg
2345334,2026-01-02,Round 19,Baskonia,,Fenerbahçe Basketbol,,,https://www.thesportsdb.com/images/media/event/thumb/x4h57y1759220187.jpg
2345335,2026-01-02,Round 19,Virtus Pallacanestro Bologna,,Olimpia Milano,,,https://www.thesportsdb.com/images/media/event/thumb/yuvd5u1759220188.jpg
2345336,2026-01-02,Round 19,Real Madrid Baloncesto,,Dubai Basketball,,,https://www.thesportsdb.com/images/media/event/thumb/juljmj1759220190.jpg
2345337,2026-01-02,Round 19,Bayern München Basketball,,Maccabi Tel Aviv BC,,,https://www.thesportsdb.com/images/media/event/thumb/f3k0wn1759220192.jpg
2345338,2026-01-06,Round 20,Fenerbahçe Basketbol,,Olympiacos BC,,,https://www.thesportsdb.com/images/media/event/thumb/34l1ap1759220193.jpg
2345339,2026-01-06,Round 20,Hapoel Tel Aviv BC,,Dubai Basketball,,,https://www.thesportsdb.com/images/media/event/thumb/kv1xmz1759220195.jpg
2345340,2026-01-06,Round 20,AS Monaco Basket,,KK Partizan,,,https://www.thesportsdb.com/images/media/event/thumb/918e831759220196.jpg
2345341,2026-01-06,Round 20,KK Crvena zvezda,,Valencia Basket,,,https://www.thesportsdb.com/images/media/event/thumb/eohgc41759220198.jpg
2345342,2026-01-06,Round 20,Lyon-Villeurbanne,,Real Madrid Baloncesto,,,https://www.thesportsdb.com/images/media/event/thumb/0kfr5d1759220199.jpg
2345343,2026-01-06,Round 20,Panathinaikos BC,,Olimpia Milano,,,https://www.thesportsdb.com/images/media/event/thumb/m13x4e1759220201.jpg
2345344,2026-01-06,Round 20,FC Barcelona Basquet,,Maccabi Tel Aviv BC,,,https://www.thesportsdb.com/images/media/event/thumb/qj1bk71759220203.jpg
2345345,2026-01-06,Round 20,Virtus Pallacanestro Bologna,,BC Žalgiris,,,https://www.thesportsdb.com/images/media/event/thumb/6esuf91759220204.jpg
2345346,2026-01-07,Round 20,Anadolu Efes SK,,Paris Basketball,,,https://www.thesportsdb.com/images/media/event/thumb/nq8vnz1759220206.jpg
2345347,2026-01-07,Round 20,Bayern München Basketball,,Baskonia,,,https://www.thesportsdb.com/images/media/event/thumb/zl1kxr1759220207.jpg
2345348,2026-01-08,Round 21,Dubai Basketball,,Fenerbahçe Basketbol,,,https://www.thesportsdb.com/images/media/event/thumb/31gnpg1759220209.jpg
2345349,2026-01-08,Round 21,Panathinaikos BC,,Virtus Pallacanestro Bologna,,,https://www.thesportsdb.com/images/media/event/thumb/7zgvwr1759220210.jpg
2345350,2026-01-08,Round 21,Valencia Basket,,AS Monaco Basket,,,https://www.thesportsdb.com/images/media/event/thumb/z1qn291759220212.jpg
2345351,2026-01-08,Round 21,Real Madrid Baloncesto,,Maccabi Tel Aviv BC,,,https://www.thesportsdb.com/images/media/event/thumb/imo6zx1759220213.jpg
2345352,2026-01-09,Round 21,Hapoel Tel Aviv BC,,Paris Basketball,,,https://www.thesportsdb.com/images/media/event/thumb/4chl161759220215.jpg
2345353,2026-01-09,Round 21,BC Žalgiris,,KK Crvena zvezda,,,https://www.thesportsdb.com/images/media/event/thumb/mvm09a1759220216.jpg
2345354,2026-01-09,Round 21,Olympiacos BC,,Bayern München Basketball,,,https://www.thesportsdb.com/images/media/event/thumb/viw1gw1759220218.jpg
2345355,2026-01-09,Round 21,FC Barcelona Basquet,,KK Partizan,,,https://www.thesportsdb.com/images/media/event/thumb/m3zxop1759220219.jpg
2345356,2026-01-09,Round 21,Baskonia,,Lyon-Villeurbanne,,,https://www.thesportsdb.com/images/media/event/thumb/mi4a7g1759220221.jpg
2345357,2026-01-09,Round 21,Olimpia Milano,,Anadolu Efes SK,,,https://www.thesportsdb.com/images/media/event/thumb/hn712p1759220222.jpg
2345366,2026-01-14,Round 22,KK Partizan,,Olympiacos BC,,,https://www.thesportsdb.com/images/media/event/thumb/d8vx8m1759220224.jpg
2345358,2026-01-15,Round 22,Dubai Basketball,,Virtus Pallacanestro Bologna,,,https://www.thesportsdb.com/images/media/event/thumb/48lr401759220225.jpg
2345359,2026-01-15,Round 22,Anadolu Efes SK,,Baskonia,,,https://www.thesportsdb.com/images/media/event/thumb/kvpmp21759220227.jpg
2345360,2026-01-15,Round 22,Bayern München Basketball,,Panathinaikos BC,,,https://www.thesportsdb.com/images/media/event/thumb/dq82t61759220228.jpg
2345361,2026-01-15,Round 22,Maccabi Tel Aviv BC,,BC Žalgiris,,,https://www.thesportsdb.com/images/media/event/thumb/o114fm1759220230.jpg
2345362,2026-01-15,Round 22,Olimpia Milano,,KK Crvena zvezda,,,https://www.thesportsdb.com/images/media/event/thumb/c9ytmq1759220232.jpg
2345363,2026-01-15,Round 22,Paris Basketball,,AS Monaco Basket,,,https://www.thesportsdb.com/images/media/event/thumb/y7rhl91759220233.jpg
2345364,2026-01-16,Round 22,Fenerbahçe Basketbol,,Valencia Basket,,,https://www.thesportsdb.com/images/media/event/thumb/pn1wyi1759220235.jpg
2345365,2026-01-16,Round 22,Lyon-Villeurbanne,,Hapoel Tel Aviv BC,,,https://www.thesportsdb.com/images/media/event/thumb/z72dpw1759220236.jpg
2345367,2026-01-16,Round 22,Real Madrid Baloncesto,,FC Barcelona Basquet,,https://r2.thesportsdb.com/images/media/event/poster/vgs7i41589561692.jpg,https://www.thesportsdb.com/images/media/event/thumb/xyfd251759220238.jpg
2345371,2026-01-20,Round 23,Olympiacos BC,,Maccabi Tel Aviv BC,,,https://www.thesportsdb.com/images/media/event/thumb/rffms61759220239.jpg
2345368,2026-01-20,Round 23,Hapoel Tel Aviv BC,,Anadolu Efes SK,,,https://www.thesportsdb.com/images/media/event/thumb/593t3v1759220241.jpg
2345369,2026-01-20,Round 23,AS Monaco Basket,,KK Crvena zvezda,,,https://www.thesportsdb.com/images/media/event/thumb/ft1jhh1759220242.jpg
2345370,2026-01-20,Round 23,Lyon-Villeurbanne,,BC Žalgiris,,,https://www.thesportsdb.com/images/media/event/thumb/dn78101759220244.jpg
2345372,2026-01-20,Round 23,Panathinaikos BC,,Baskonia,,,https://www.thesportsdb.com/images/media/event/thumb/lbrvce1759220246.jpg
2345373,2026-01-20,Round 23,Valencia Basket,,Paris Basketball,,,https://www.thesportsdb.com/images/media/event/thumb/jg4h1k1759220247.jpg
2345374,2026-01-20,Round 23,FC Barcelona Basquet,,Dubai Basketball,,,https://www.thesportsdb.com/images/media/event/thumb/bez4nv1759220249.jpg
2345375,2026-01-20,Round 23,KK Partizan,,Bayern München Basketball,,,https://www.thesportsdb.com/images/media/event/thumb/0f0a8n1759220250.jpg
2345376,2026-01-20,Round 23,Real Madrid Baloncesto,,Olimpia Milano,,,https://www.thesportsdb.com/images/media/event/thumb/hcy45c1759220252.jpg
2345377,2026-01-21,Round 23,Virtus Pallacanestro Bologna,,Fenerbahçe Basketbol,,,https://www.thesportsdb.com/images/media/event/thumb/zaqdz51759220253.jpg
2345378,2026-01-22,Round 24,Anadolu Efes SK,,Olympiacos BC,,,https://www.thesportsdb.com/images/media/event/thumb/8kxqsa1759220255.jpg
2345379,2026-01-22,Round 24,Maccabi Tel Aviv BC,,Panathinaikos BC,,,https://www.thesportsdb.com/images/media/event/thumb/7orvqa1759220256.jpg
2345380,2026-01-22,Round 24,Bayern München Basketball,,Valencia Basket,,,https://www.thesportsdb.com/images/media/event/thumb/fdhtrw1759220258.jpg
2345381,2026-01-22,Round 24,Olimpia Milano,,BC Žalgiris,,,https://www.thesportsdb.com/images/media/event/thumb/9bupo11759220259.jpg
2345382,2026-01-22,Round 24,Paris Basketball,,Dubai Basketball,,,https://www.thesportsdb.com/images/media/event/thumb/2w5rkb1759220261.jpg
2345383,2026-01-22,Round 24,Real Madrid Baloncesto,,AS Monaco Basket,,,https://www.thesportsdb.com/images/media/event/thumb/dh0h4a1759220263.jpg
2345384,2026-01-23,Round 24,Fenerbahçe Basketbol,,Baskonia,,,https://www.thesportsdb.com/images/media/event/thumb/yr6jb51759220264.jpg
2345385,2026-01-23,Round 24,Lyon-Villeurbanne,,FC Barcelona Basquet,,,https://www.thesportsdb.com/images/media/event/thumb/fwwhl91759220266.jpg
2345386,2026-01-23,Round 24,KK Partizan,,Hapoel Tel Aviv BC,,,https://www.thesportsdb.com/images/media/event/thumb/jo5a1b1759220267.jpg
2345387,2026-01-23,Round 24,Virtus Pallacanestro Bologna,,KK Crvena zvezda,,,https://www.thesportsdb.com/images/media/event/thumb/8gedgg1759220269.jpg
2345388,2026-01-27,Round 25,Paris Basketball,,Real Madrid Baloncesto,,,https://www.thesportsdb.com/images/media/event/thumb/5khzix1759220270.jpg
2345389,2026-01-29,Round 25,Fenerbahçe Basketbol,,Anadolu Efes SK,,,https://www.thesportsdb.com/images/media/event/thumb/fb2rp81759220272.jpg
2345390,2026-01-29,Round 25,Hapoel Tel Aviv BC,,Bayern München Basketball,,,https://www.thesportsdb.com/images/media/event/thumb/x467qd1759220274.jpg
2345391,2026-01-29,Round 25,Olympiacos BC,,FC Barcelona Basquet,,,https://www.thesportsdb.com/images/media/event/thumb/5d1wz21759220275.jpg
2345392,2026-01-29,Round 25,Olimpia Milano,,KK Partizan,,,https://www.thesportsdb.com/images/media/event/thumb/70s2dt1759220277.jpg
2345393,2026-01-29,Round 25,Valencia Basket,,Maccabi Tel Aviv BC,,,https://www.thesportsdb.com/images/media/event/thumb/8gkoan1759220279.jpg
2345394,2026-01-30,Round 25,AS Monaco Basket,,Virtus Pallacanestro Bologna,,,https://www.thesportsdb.com/images/media/event/thumb/3amqvj1759220280.jpg
2345395,2026-01-30,Round 25,KK Crvena zvezda,,Dubai Basketball,,,https://www.thesportsdb.com/images/media/event/thumb/g4nj6v1759220282.jpg
2345396,2026-01-30,Round 25,Lyon-Villeurbanne,,Panathinaikos BC,,,https://www.thesportsdb.com/images/media/event/thumb/bwlnnc1759220283.jpg
2345397,2026-01-30,Round 25,Baskonia,,BC Žalgiris,,,https://www.thesportsdb.com/images/media/event/thumb/ppg1gg1759220285.jpg
2345398,2026-02-03,Round 26,Dubai Basketball,,Olympiacos BC,,,https://www.thesportsdb.com/images/media/event/thumb/5ky2kk1759220286.jpg
2345399,2026-02-03,Round 26,Anadolu Efes SK,,Valencia Basket,,,https://www.thesportsdb.com/images/media/event/thumb/5bezyn1759220288.jpg
2345400,2026-02-03,Round 26,BC Žalgiris,,AS Monaco Basket,,,https://www.thesportsdb.com/images/media/event/thumb/3z6h7p1759220289.jpg
2345401,2026-02-03,Round 26,KK Crvena zvezda,,Hapoel Tel Aviv BC,,,https://www.thesportsdb.com/images/media/event/thumb/6q5ylv1759220291.jpg
2345402,2026-02-03,Round 26,Panathinaikos BC,,Real Madrid Baloncesto,,,https://www.thesportsdb.com/images/media/event/thumb/vjs85d1759220293.jpg
2345403,2026-02-03,Round 26,FC Barcelona Basquet,,Fenerbahçe Basketbol,,,https://www.thesportsdb.com/images/media/event/thumb/xy0v141759220294.jpg
2345404,2026-02-03,Round 26,Bayern München Basketball,,Paris Basketball,,,https://www.thesportsdb.com/images/media/event/thumb/7c9bsz1759220296.jpg
2345405,2026-02-03,Round 26,Olimpia Milano,,Baskonia,,,https://www.thesportsdb.com/images/media/event/thumb/l1qyu71759220297.jpg
2345406,2026-02-03,Round 26,Maccabi Tel Aviv BC,,KK Partizan,,,https://www.thesportsdb.com/images/media/event/thumb/xgy86v1759220299.jpg
2345407,2026-02-04,Round 26,Virtus Pallacanestro Bologna,,Lyon-Villeurbanne,,,https://www.thesportsdb.com/images/media/event/thumb/ikoqli1759220300.jpg
2345408,2026-02-05,Round 27,Dubai Basketball,,Real Madrid Baloncesto,,,https://www.thesportsdb.com/images/media/event/thumb/cguw3d1759220302.jpg
2345409,2026-02-05,Round 27,Hapoel Tel Aviv BC,,Valencia Basket,,,https://www.thesportsdb.com/images/media/event/thumb/m4s5qs1759220303.jpg
2345410,2026-02-05,Round 27,Bayern München Basketball,,AS Monaco Basket,,,https://www.thesportsdb.com/images/media/event/thumb/84vkui1759220305.jpg
2345411,2026-02-05,Round 27,KK Partizan,,Panathinaikos BC,,,https://www.thesportsdb.com/images/media/event/thumb/bd4ih51759220306.jpg
2345412,2026-02-05,Round 27,Paris Basketball,,Fenerbahçe Basketbol,,,https://www.thesportsdb.com/images/media/event/thumb/3ejo0w1759220308.jpg
2345413,2026-02-06,Round 27,Anadolu Efes SK,,BC Žalgiris,,,https://www.thesportsdb.com/images/media/event/thumb/8pkox71759220310.jpg
2345414,2026-02-06,Round 27,KK Crvena zvezda,,Maccabi Tel Aviv BC,,,https://www.thesportsdb.com/images/media/event/thumb/v0s87d1759220311.jpg
2345415,2026-02-06,Round 27,Lyon-Villeurbanne,,Olimpia Milano,,,https://www.thesportsdb.com/images/media/event/thumb/j2gf641759220313.jpg
2345416,2026-02-06,Round 27,Olympiacos BC,,Virtus Pallacanestro Bologna,,,https://www.thesportsdb.com/images/media/event/thumb/njbam41759220314.jpg
2345417,2026-02-06,Round 27,Baskonia,,FC Barcelona Basquet,,,https://www.thesportsdb.com/images/media/event/thumb/adii691759220316.jpg
2345418,2026-02-12,Round 28,Anadolu Efes SK,,Virtus Pallacanestro Bologna,,,https://www.thesportsdb.com/images/media/event/thumb/73w6as1759220317.jpg
2345419,2026-02-12,Round 28,Maccabi Tel Aviv BC,,Bayern München Basketball,,,https://www.thesportsdb.com/images/media/event/thumb/gu5twy1759220319.jpg
2345420,2026-02-12,Round 28,Olympiacos BC,,KK Crvena zvezda,,,https://www.thesportsdb.com/images/media/event/thumb/ynrmn21759220320.jpg
2345421,2026-02-12,Round 28,Valencia Basket,,Lyon-Villeurbanne,,,https://www.thesportsdb.com/images/media/event/thumb/f2u7s11759220322.jpg
2345422,2026-02-12,Round 28,FC Barcelona Basquet,,Paris Basketball,,,https://www.thesportsdb.com/images/media/event/thumb/8z9l3i1759220324.jpg
2345423,2026-02-13,Round 28,BC Žalgiris,,Hapoel Tel Aviv BC,,,https://www.thesportsdb.com/images/media/event/thumb/uw3hdm1759220325.jpg
2345424,2026-02-13,Round 28,AS Monaco Basket,,Baskonia,,,https://www.thesportsdb.com/images/media/event/thumb/6941qm1759220327.jpg
2345425,2026-02-13,Round 28,Panathinaikos BC,,Fenerbahçe Basketbol,,,https://www.thesportsdb.com/images/media/event/thumb/prhciq1759220328.jpg
2345426,2026-02-13,Round 28,Olimpia Milano,,Dubai Basketball,,,https://www.thesportsdb.com/images/media/event/thumb/uxqsad1759220330.jpg
2345427,2026-02-13,Round 28,KK Partizan,,Real Madrid Baloncesto,,,https://www.thesportsdb.com/images/media/event/thumb/garefg1759220331.jpg
2345428,2026-02-25,Round 29,Fenerbahçe Basketbol,,KK Partizan,,,https://www.thesportsdb.com/images/media/event/thumb/jx84it1759220333.jpg
2345429,2026-02-25,Round 29,BC Žalgiris,,Olympiacos BC,,,https://www.thesportsdb.com/images/media/event/thumb/5avudm1759220334.jpg
2345430,2026-02-25,Round 29,Virtus Pallacanestro Bologna,,FC Barcelona Basquet,,,https://www.thesportsdb.com/images/media/event/thumb/vm1pq91759220336.jpg
2345431,2026-02-26,Round 29,Dubai Basketball,,Lyon-Villeurbanne,,,https://www.thesportsdb.com/images/media/event/thumb/fd2hia1759220337.jpg
2345432,2026-02-26,Round 29,Hapoel Tel Aviv BC,,Olimpia Milano,,,https://www.thesportsdb.com/images/media/event/thumb/cvq6rb1759220339.jpg
2345433,2026-02-26,Round 29,AS Monaco Basket,,Maccabi Tel Aviv BC,,,https://www.thesportsdb.com/images/media/event/thumb/efr1th1759220340.jpg
2345434,2026-02-26,Round 29,KK Crvena zvezda,,Anadolu Efes SK,,,https://www.thesportsdb.com/images/media/event/thumb/191fag1759220342.jpg
2345435,2026-02-26,Round 29,Panathinaikos BC,,Paris Basketball,,,https://www.thesportsdb.com/images/media/event/thumb/19gexj1759220344.jpg
2345436,2026-02-26,Round 29,Baskonia,,Valencia Basket,,,https://www.thesportsdb.com/images/media/event/thumb/8m973w1759220345.jpg
2345437,2026-02-26,Round 29,Real Madrid Baloncesto,,Bayern München Basketball,,,https://www.thesportsdb.com/images/media/event/thumb/1dwqs41759220347.jpg
2345438,2026-03-05,Round 30,Fenerbahçe Basketbol,,AS Monaco Basket,,,https://www.thesportsdb.com/images/media/event/thumb/qwuj891759220349.jpg
2345439,2026-03-05,Round 30,Maccabi Tel Aviv BC,,Hapoel Tel Aviv BC,,,https://www.thesportsdb.com/images/media/event/thumb/tg06y31759220350.jpg
2345440,2026-03-05,Round 30,Olimpia Milano,,FC Barcelona Basquet,,,https://www.thesportsdb.com/images/media/event/thumb/92jsma1759220351.jpg
2345441,2026-03-05,Round 30,KK Partizan,,Dubai Basketball,,,https://www.thesportsdb.com/images/media/event/thumb/wng04d1759220353.jpg
2345442,2026-03-05,Round 30,Valencia Basket,,BC Žalgiris,,,https://www.thesportsdb.com/images/media/event/thumb/9lam4n1759220355.jpg
2345443,2026-03-05,Round 30,Real Madrid Baloncesto,,Virtus Pallacanestro Bologna,,,https://www.thesportsdb.com/images/media/event/thumb/irzj5x1759220357.jpg
2345444,2026-03-06,Round 30,Anadolu Efes SK,,Lyon-Villeurbanne,,,https://www.thesportsdb.com/images/media/event/thumb/r7xoqj1759220358.jpg
2345445,2026-03-06,Round 30,KK Crvena zvezda,,Bayern München Basketball,,,https://www.thesportsdb.com/images/media/event/thumb/xo0aif1759220360.jpg
2345446,2026-03-06,Round 30,Olympiacos BC,,Panathinaikos BC,,,https://www.thesportsdb.com/images/media/event/thumb/l4k9g61759220361.jpg
2345447,2026-03-06,Round 30,Baskonia,,Paris Basketball,,,https://www.thesportsdb.com/images/media/event/thumb/ikoq011759220363.jpg
2345481,2026-03-10,Round 34,Paris Basketball,,Olympiacos BC,,,https://www.thesportsdb.com/images/media/event/thumb/jf3pss1759220364.jpg
2345448,2026-03-12,Round 31,Dubai Basketball,,Baskonia,,,https://www.thesportsdb.com/images/media/event/thumb/mqkw911759220366.jpg
2345450,2026-03-12,Round 31,Panathinaikos BC,,BC Žalgiris,,,https://www.thesportsdb.com/images/media/event/thumb/4zvdrt1759220368.jpg
2345449,2026-03-12,Round 31,Bayern München Basketball,,Anadolu Efes SK,,,https://www.thesportsdb.com/images/media/event/thumb/qscrrc1759220369.jpg
2345451,2026-03-12,Round 31,Virtus Pallacanestro Bologna,,KK Partizan,,,https://www.thesportsdb.com/images/media/event/thumb/qacf7c1759220371.jpg
2345453,2026-03-12,Round 31,Real Madrid Baloncesto,,Valencia Basket,,,https://www.thesportsdb.com/images/media/event/thumb/4b56m81759220372.jpg
2345452,2026-03-12,Round 31,Paris Basketball,,Lyon-Villeurbanne,,,https://www.thesportsdb.com/images/media/event/thumb/yrvmiv1759220374.jpg
2345454,2026-03-13,Round 31,AS Monaco Basket,,Olympiacos BC,,,https://www.thesportsdb.com/images/media/event/thumb/vulorh1759220375.jpg
2345455,2026-03-13,Round 31,KK Crvena zvezda,,Fenerbahçe Basketbol,,,https://www.thesportsdb.com/images/media/event/thumb/mepdto1759220377.jpg
2345456,2026-03-13,Round 31,Olimpia Milano,,Maccabi Tel Aviv BC,,,https://www.thesportsdb.com/images/media/event/thumb/thr6pd1759220378.jpg
2345457,2026-03-13,Round 31,FC Barcelona Basquet,,Hapoel Tel Aviv BC,,,https://www.thesportsdb.com/images/media/event/thumb/hpezvr1759220380.jpg
2345458,2026-03-19,Round 32,Anadolu Efes SK,,AS Monaco Basket,,,https://www.thesportsdb.com/images/media/event/thumb/u1rsko1759220381.jpg
2345459,2026-03-19,Round 32,Hapoel Tel Aviv BC,,Virtus Pallacanestro Bologna,,,https://www.thesportsdb.com/images/media/event/thumb/wyzq5z1759220383.jpg
2345461,2026-03-19,Round 32,Olympiacos BC,,Baskonia,,,https://www.thesportsdb.com/images/media/event/thumb/9rthko1759220385.jpg
2345460,2026-03-19,Round 32,Bayern München Basketball,,Dubai Basketball,,,https://www.thesportsdb.com/images/media/event/thumb/vbn74d1759220386.jpg
2345462,2026-03-19,Round 32,Valencia Basket,,FC Barcelona Basquet,,,https://www.thesportsdb.com/images/media/event/thumb/e0augp1759220388.jpg
2345463,2026-03-19,Round 32,Paris Basketball,,KK Partizan,,,https://www.thesportsdb.com/images/media/event/thumb/6q0mx81759220390.jpg
2345464,2026-03-20,Round 32,Fenerbahçe Basketbol,,Olimpia Milano,,,https://www.thesportsdb.com/images/media/event/thumb/nk0vh81759220391.jpg
2345465,2026-03-20,Round 32,BC Žalgiris,,Real Madrid Baloncesto,,,https://www.thesportsdb.com/images/media/event/thumb/4t2hml1759220393.jpg
2345466,2026-03-20,Round 32,Lyon-Villeurbanne,,Maccabi Tel Aviv BC,,,https://www.thesportsdb.com/images/media/event/thumb/mvkiih1759220394.jpg
2345467,2026-03-20,Round 32,Panathinaikos BC,,KK Crvena zvezda,,,https://www.thesportsdb.com/images/media/event/thumb/d4ki891759220396.jpg
2345468,2026-03-24,Round 33,Dubai Basketball,,Panathinaikos BC,,,https://www.thesportsdb.com/images/media/event/thumb/fob6o41759220397.jpg
2345469,2026-03-24,Round 33,AS Monaco Basket,,Olimpia Milano,,,https://www.thesportsdb.com/images/media/event/thumb/0ppvea1759220399.jpg
2345471,2026-03-24,Round 33,Maccabi Tel Aviv BC,,Fenerbahçe Basketbol,,,https://www.thesportsdb.com/images/media/event/thumb/xfnyp41759220400.jpg
2345470,2026-03-24,Round 33,BC Žalgiris,,Bayern München Basketball,,,https://www.thesportsdb.com/images/media/event/thumb/z12cf91759220402.jpg
2345472,2026-03-24,Round 33,FC Barcelona Basquet,,Anadolu Efes SK,,,https://www.thesportsdb.com/images/media/event/thumb/vmh1lx1759220404.jpg
2345473,2026-03-24,Round 33,KK Partizan,,Lyon-Villeurbanne,,,https://www.thesportsdb.com/images/media/event/thumb/ugw6wa1759220405.jpg
2345474,2026-03-24,Round 33,Valencia Basket,,Olympiacos BC,,,https://www.thesportsdb.com/images/media/event/thumb/g36gok1759220407.jpg
2345476,2026-03-24,Round 33,Virtus Pallacanestro Bologna,,Paris Basketball,,,https://www.thesportsdb.com/images/media/event/thumb/53981v1759220408.jpg
2345475,2026-03-24,Round 33,Real Madrid Baloncesto,,Hapoel Tel Aviv BC,,,https://www.thesportsdb.com/images/media/event/thumb/tct9qv1759220410.jpg
2345477,2026-03-25,Round 33,Baskonia,,KK Crvena zvezda,,,https://www.thesportsdb.com/images/media/event/thumb/kn8a941759220411.jpg
2345478,2026-03-26,Round 34,Maccabi Tel Aviv BC,,Dubai Basketball,,,https://www.thesportsdb.com/images/media/event/thumb/7sldy01759220413.jpg
2345479,2026-03-26,Round 34,Bayern München Basketball,,Lyon-Villeurbanne,,,https://www.thesportsdb.com/images/media/event/thumb/um7vkg1759220414.jpg
2345480,2026-03-26,Round 34,Olimpia Milano,,Virtus Pallacanestro Bologna,,,https://www.thesportsdb.com/images/media/event/thumb/7hvi8b1759220416.jpg
2345482,2026-03-26,Round 34,Real Madrid Baloncesto,,Anadolu Efes SK,,,https://www.thesportsdb.com/images/media/event/thumb/1z3j151759220418.jpg
2345483,2026-03-27,Round 34,Fenerbahçe Basketbol,,BC Žalgiris,,,https://www.thesportsdb.com/images/media/event/thumb/5boq4h1759220419.jpg
2345484,2026-03-27,Round 34,Panathinaikos BC,,AS Monaco Basket,,,https://www.thesportsdb.com/images/media/event/thumb/6h8dvp1759220421.jpg
2345485,2026-03-27,Round 34,FC Barcelona Basquet,,KK Crvena zvezda,,,https://www.thesportsdb.com/images/media/event/thumb/fiykd01759220423.jpg
2345486,2026-03-27,Round 34,Baskonia,,Hapoel Tel Aviv BC,,,https://www.thesportsdb.com/images/media/event/thumb/5tpvkb1759220424.jpg
2345487,2026-03-27,Round 34,KK Partizan,,Valencia Basket,,,https://www.thesportsdb.com/images/media/event/thumb/gmqkzf1759220426.jpg
2345496,2026-04-01,Round 35,Bayern München Basketball,,Fenerbahçe Basketbol,,,https://www.thesportsdb.com/images/media/event/thumb/lzprxw1759220428.jpg
2345488,2026-04-01,Round 35,Maccabi Tel Aviv BC,,Anadolu Efes SK,,,https://www.thesportsdb.com/images/media/event/thumb/jb8we31759220429.jpg
2345489,2026-04-02,Round 35,Hapoel Tel Aviv BC,,Panathinaikos BC,,,https://www.thesportsdb.com/images/media/event/thumb/aujs4h1759220431.jpg
2345490,2026-04-02,Round 35,BC Žalgiris,,FC Barcelona Basquet,,,https://www.thesportsdb.com/images/media/event/thumb/sjawy51759220432.jpg
2345491,2026-04-02,Round 35,KK Crvena zvezda,,KK Partizan,,,https://www.thesportsdb.com/images/media/event/thumb/uauz0v1759220434.jpg
2345492,2026-04-02,Round 35,Paris Basketball,,Olimpia Milano,,,https://www.thesportsdb.com/images/media/event/thumb/w865pj1759220435.jpg
2345493,2026-04-03,Round 35,Dubai Basketball,,AS Monaco Basket,,,https://www.thesportsdb.com/images/media/event/thumb/egn7a71759220437.jpg
2345494,2026-04-03,Round 35,Lyon-Villeurbanne,,Olympiacos BC,,,https://www.thesportsdb.com/images/media/event/thumb/ns09tu1759220438.jpg
2345495,2026-04-03,Round 35,Baskonia,,Real Madrid Baloncesto,,,https://www.thesportsdb.com/images/media/event/thumb/jf92831759220440.jpg
2345497,2026-04-03,Round 35,Virtus Pallacanestro Bologna,,Valencia Basket,,,https://www.thesportsdb.com/images/media/event/thumb/9sevph1759220442.jpg
2345500,2026-04-07,Round 36,Hapoel Tel Aviv BC,,Fenerbahçe Basketbol,,,https://www.thesportsdb.com/images/media/event/thumb/8i5y5l1759220443.jpg
2345498,2026-04-07,Round 36,BC Žalgiris,,Dubai Basketball,,,https://www.thesportsdb.com/images/media/event/thumb/99g62j1759220444.jpg
2345499,2026-04-07,Round 36,KK Crvena zvezda,,Paris Basketball,,,https://www.thesportsdb.com/images/media/event/thumb/0sthf61759220446.jpg
2345501,2026-04-07,Round 36,Olympiacos BC,,Real Madrid Baloncesto,,,https://www.thesportsdb.com/images/media/event/thumb/514v6c1759220447.jpg
2345502,2026-04-07,Round 36,Valencia Basket,,Olimpia Milano,,,https://www.thesportsdb.com/images/media/event/thumb/0z2uzr1759220449.jpg
2345503,2026-04-07,Round 36,Virtus Pallacanestro Bologna,,Bayern München Basketball,,,https://www.thesportsdb.com/images/media/event/thumb/a4ecfd1759220451.jpg
2345505,2026-04-07,Round 36,FC Barcelona Basquet,,Panathinaikos BC,,,https://www.thesportsdb.com/images/media/event/thumb/6iue1a1759220452.jpg
2345504,2026-04-07,Round 36,Baskonia,,Maccabi Tel Aviv BC,,,https://www.thesportsdb.com/images/media/event/thumb/t1y72f1759220454.jpg
2345506,2026-04-08,Round 36,Anadolu Efes SK,,KK Partizan,,,https://www.thesportsdb.com/images/media/event/thumb/jitbg21759220455.jpg
2345507,2026-04-08,Round 36,AS Monaco Basket,,Lyon-Villeurbanne,,,https://www.thesportsdb.com/images/media/event/thumb/yoigks1759220457.jpg
2345508,2026-04-09,Round 37,Hapoel Tel Aviv BC,,Olympiacos BC,,,https://www.thesportsdb.com/images/media/event/thumb/6cs9sq1759220459.jpg
2345509,2026-04-09,Round 37,Fenerbahçe Basketbol,,Real Madrid Baloncesto,,,https://www.thesportsdb.com/images/media/event/thumb/tt9wb81759220460.jpg
2345510,2026-04-09,Round 37,Olimpia Milano,,Bayern München Basketball,,,https://www.thesportsdb.com/images/media/event/thumb/ago17r1759220461.jpg
2345512,2026-04-09,Round 37,Valencia Basket,,Panathinaikos BC,,,https://www.thesportsdb.com/images/media/event/thumb/umcrbu1759220463.jpg
2345511,2026-04-09,Round 37,Paris Basketball,,Maccabi Tel Aviv BC,,,https://www.thesportsdb.com/images/media/event/thumb/s23x2i1759220464.jpg
2345513,2026-04-10,Round 37,Dubai Basketball,,Anadolu Efes SK,,,https://www.thesportsdb.com/images/media/event/thumb/cfbhrr1759220466.jpg
2345514,2026-04-10,Round 37,AS Monaco Basket,,FC Barcelona Basquet,,,https://www.thesportsdb.com/images/media/event/thumb/jk8sk91759220467.jpg
2345515,2026-04-10,Round 37,Lyon-Villeurbanne,,KK Crvena zvezda,,,https://www.thesportsdb.com/images/media/event/thumb/l35csm1759220469.jpg
2345516,2026-04-10,Round 37,KK Partizan,,BC Žalgiris,,,https://www.thesportsdb.com/images/media/event/thumb/y77mnc1759220471.jpg
2345517,2026-04-10,Round 37,Virtus Pallacanestro Bologna,,Baskonia,,,https://www.thesportsdb.com/images/media/event/thumb/cley9s1759220472.jpg
2345518,2026-04-16,Round 38,Lyon-Villeurbanne,,Fenerbahçe Basketbol,,,https://www.thesportsdb.com/images/media/event/thumb/tbvloi1759220474.jpg
2345519,2026-04-16,Round 38,Maccabi Tel Aviv BC,,Virtus Pallacanestro Bologna,,,https://www.thesportsdb.com/images/media/event/thumb/9qbpq91759220475.jpg
2345520,2026-04-16,Round 38,Olympiacos BC,,Olimpia Milano,,,https://www.thesportsdb.com/images/media/event/thumb/c5gva11759220477.jpg
2345521,2026-04-16,Round 38,KK Partizan,,Baskonia,,,https://www.thesportsdb.com/images/media/event/thumb/lpt7eg1759220479.jpg
2345522,2026-04-16,Round 38,Real Madrid Baloncesto,,KK Crvena zvezda,,,https://www.thesportsdb.com/images/media/event/thumb/xwv8td1759220480.jpg
2345523,2026-04-17,Round 38,Dubai Basketball,,Valencia Basket,,,https://www.thesportsdb.com/images/media/event/thumb/wyc7gt1759220482.jpg
2345524,2026-04-17,Round 38,BC Žalgiris,,Paris Basketball,,,https://www.thesportsdb.com/images/media/event/thumb/9wgygt1759220484.jpg
2345525,2026-04-17,Round 38,AS Monaco Basket,,Hapoel Tel Aviv BC,,,https://www.thesportsdb.com/images/media/event/thumb/otusx01759220485.jpg
2345526,2026-04-17,Round 38,Panathinaikos BC,,Anadolu Efes SK,,,https://www.thesportsdb.com/images/media/event/thumb/71h8pf1759220487.jpg
2345527,2026-04-17,Round 38,FC Barcelona Basquet,,Bayern München Basketball,,,https://www.thesportsdb.com/images/media/event/thumb/aypfyj1759220488.jpg
